"Name","Class","Digit 1","Digit 5","Intensity","Symmetry"
"Row    2","5","No","Yes","0.444131","-5.496812"
"Row    8","1","Yes","No","0.123043","-0.707875"
"Row   10","1","Yes","No","0.113859","-0.931375"
"Row   13","1","Yes","No","0.115371","-0.386000"
"Row   14","1","Yes","No","0.102281","-0.378812"
"Row   20","1","Yes","No","0.142043","-1.819438"
"Row   30","1","Yes","No","0.148965","-0.974938"
"Row   35","1","Yes","No","0.128896","-0.521625"
"Row   40","5","No","Yes","0.217982","-3.359625"
"Row   45","1","Yes","No","0.143813","-0.250937"
"Row   71","1","Yes","No","0.182840","-1.016063"
"Row   83","1","Yes","No","0.148664","-0.310312"
"Row   93","1","Yes","No","0.136396","-0.352312"
"Row  113","1","Yes","No","0.133275","-0.852500"
"Row  120","5","No","Yes","0.304000","-4.200938"
"Row  125","1","Yes","No","0.170125","-0.823688"
"Row  127","1","Yes","No","0.160584","-0.514687"
"Row  130","1","Yes","No","0.183385","-1.786812"
"Row  138","1","Yes","No","0.188549","-1.381750"
"Row  144","5","No","Yes","0.338703","-4.675937"
"Row  145","1","Yes","No","0.141893","-0.616062"
"Row  148","5","No","Yes","0.364727","-5.270750"
"Row  167","5","No","Yes","0.329365","-4.981500"
"Row  176","1","Yes","No","0.226828","-0.990062"
"Row  180","1","Yes","No","0.145059","-0.586938"
"Row  185","1","Yes","No","0.177689","-0.836313"
"Row  198","1","Yes","No","0.093221","-0.562312"
"Row  207","1","Yes","No","0.140937","-0.685438"
"Row  212","5","No","Yes","0.199988","-4.316562"
"Row  222","1","Yes","No","0.132779","-0.637312"
"Row  234","1","Yes","No","0.153014","-0.386313"
"Row  235","1","Yes","No","0.139113","-0.428250"
"Row  237","1","Yes","No","0.128420","-0.312625"
"Row  246","1","Yes","No","0.133703","-0.820688"
"Row  247","1","Yes","No","0.190537","-0.814000"
"Row  251","1","Yes","No","0.225750","-0.966938"
"Row  252","1","Yes","No","0.103549","-0.870437"
"Row  254","1","Yes","No","0.131648","-0.674687"
"Row  257","1","Yes","No","0.145701","-0.672312"
"Row  259","1","Yes","No","0.174373","-1.116937"
"Row  260","1","Yes","No","0.144525","-0.301000"
"Row  262","5","No","Yes","0.258951","-4.797937"
"Row  263","5","No","Yes","0.243789","-4.782312"
"Row  266","5","No","Yes","0.292115","-5.561312"
"Row  274","1","Yes","No","0.133102","-0.899062"
"Row  277","5","No","Yes","0.184473","-3.474625"
"Row  282","1","Yes","No","0.103537","-0.324250"
"Row  285","1","Yes","No","0.117916","-0.928125"
"Row  290","1","Yes","No","0.157074","-0.379937"
"Row  300","5","No","Yes","0.206916","-3.746750"
"Row  310","1","Yes","No","0.179523","-0.905875"
"Row  312","1","Yes","No","0.152062","-0.365125"
"Row  314","1","Yes","No","0.140623","-0.449437"
"Row  320","1","Yes","No","0.106471","-1.045813"
"Row  327","5","No","Yes","0.201912","-3.611687"
"Row  345","1","Yes","No","0.153072","-0.692187"
"Row  349","5","No","Yes","0.444783","-5.192375"
"Row  352","5","No","Yes","0.225816","-4.011438"
"Row  354","1","Yes","No","0.146434","-0.440312"
"Row  357","1","Yes","No","0.193248","-1.237000"
"Row  360","5","No","Yes","0.307934","-6.812312"
"Row  361","5","No","Yes","0.242268","-5.445188"
"Row  365","1","Yes","No","0.180047","-0.730000"
"Row  377","5","No","Yes","0.339455","-5.154813"
"Row  378","5","No","Yes","0.344781","-5.569813"
"Row  381","1","Yes","No","0.090535","-0.549875"
"Row  386","1","Yes","No","0.183305","-1.017688"
"Row  392","5","No","Yes","0.357330","-5.434750"
"Row  394","1","Yes","No","0.132568","-0.456062"
"Row  396","1","Yes","No","0.133861","-1.238187"
"Row  408","5","No","Yes","0.236990","-4.670937"
"Row  416","5","No","Yes","0.312418","-5.316625"
"Row  418","1","Yes","No","0.200660","-0.891250"
"Row  421","5","No","Yes","0.227045","-4.525313"
"Row  429","1","Yes","No","0.220244","-0.488312"
"Row  432","1","Yes","No","0.139184","-0.236813"
"Row  442","5","No","Yes","0.164561","-2.768562"
"Row  445","5","No","Yes","0.351555","-4.922688"
"Row  447","1","Yes","No","0.145824","-0.899875"
"Row  457","1","Yes","No","0.112488","-0.946250"
"Row  460","1","Yes","No","0.110793","-1.479125"
"Row  463","5","No","Yes","0.220541","-4.627562"
"Row  467","1","Yes","No","0.140002","-0.345938"
"Row  470","1","Yes","No","0.172002","-1.535562"
"Row  476","1","Yes","No","0.176643","-0.585562"
"Row  485","1","Yes","No","0.196652","-1.843500"
"Row  488","1","Yes","No","0.119816","-0.810562"
"Row  491","5","No","Yes","0.200035","-3.959812"
"Row  504","1","Yes","No","0.155594","-1.099625"
"Row  507","1","Yes","No","0.132482","-0.472000"
"Row  509","1","Yes","No","0.094105","-1.255250"
"Row  511","1","Yes","No","0.102389","-0.543813"
"Row  519","1","Yes","No","0.166586","-0.633938"
"Row  527","1","Yes","No","0.145309","-0.750563"
"Row  530","1","Yes","No","0.130914","-0.335375"
"Row  538","1","Yes","No","0.213111","-0.706000"
"Row  548","1","Yes","No","0.111162","-0.519312"
"Row  558","1","Yes","No","0.180998","-0.732563"
"Row  563","5","No","Yes","0.272492","-4.408625"
"Row  573","1","Yes","No","0.139502","-0.389562"
"Row  597","1","Yes","No","0.141584","-1.069562"
"Row  600","1","Yes","No","0.100406","-0.363125"
"Row  606","5","No","Yes","0.207992","-4.097563"
"Row  621","1","Yes","No","0.170879","-0.721875"
"Row  622","1","Yes","No","0.154779","-0.430125"
"Row  629","1","Yes","No","0.241625","-0.654062"
"Row  633","1","Yes","No","0.174576","-0.277875"
"Row  634","1","Yes","No","0.188574","-0.419000"
"Row  643","1","Yes","No","0.230951","-0.789937"
"Row  647","5","No","Yes","0.354791","-5.165750"
"Row  675","1","Yes","No","0.137613","-0.229937"
"Row  676","5","No","Yes","0.273465","-5.319438"
"Row  699","1","Yes","No","0.133406","-0.333562"
"Row  700","1","Yes","No","0.129434","-0.309188"
"Row  701","1","Yes","No","0.134102","-0.348062"
"Row  702","1","Yes","No","0.129996","-0.256688"
"Row  704","1","Yes","No","0.117668","-0.643500"
"Row  708","1","Yes","No","0.199025","-0.705375"
"Row  715","1","Yes","No","0.117143","-0.272937"
"Row  719","5","No","Yes","0.184904","-3.633188"
"Row  720","1","Yes","No","0.109279","-0.119500"
"Row  723","5","No","Yes","0.140205","-2.876500"
"Row  728","1","Yes","No","0.139879","-0.900375"
"Row  729","1","Yes","No","0.146658","-0.723437"
"Row  735","5","No","Yes","0.359326","-6.084250"
"Row  739","1","Yes","No","0.186857","-0.795125"
"Row  740","1","Yes","No","0.152164","-1.026125"
"Row  746","5","No","Yes","0.338973","-5.446250"
"Row  754","1","Yes","No","0.098416","-0.559813"
"Row  757","1","Yes","No","0.183738","-0.717562"
"Row  763","1","Yes","No","0.208732","-0.837375"
"Row  764","5","No","Yes","0.266914","-3.811187"
"Row  767","1","Yes","No","0.146729","-0.458062"
"Row  772","1","Yes","No","0.198115","-0.689438"
"Row  776","1","Yes","No","0.182832","-1.520625"
"Row  781","1","Yes","No","0.116262","-0.359812"
"Row  787","1","Yes","No","0.151221","-0.622687"
"Row  791","1","Yes","No","0.106758","-0.590187"
"Row  796","1","Yes","No","0.135189","-1.040625"
"Row  799","1","Yes","No","0.120680","-1.183750"
"Row  801","1","Yes","No","0.101287","-0.477812"
"Row  809","1","Yes","No","0.144092","-0.530375"
"Row  811","1","Yes","No","0.128711","-0.456250"
"Row  816","1","Yes","No","0.150547","-0.701500"
"Row  827","5","No","Yes","0.327076","-5.379500"
"Row  860","1","Yes","No","0.220238","-1.059000"
"Row  863","5","No","Yes","0.364480","-5.896937"
"Row  873","5","No","Yes","0.431908","-4.993188"
"Row  896","1","Yes","No","0.197473","-1.388062"
"Row  905","5","No","Yes","0.347393","-4.986000"
"Row  909","5","No","Yes","0.286660","-4.542562"
"Row  910","5","No","Yes","0.219387","-3.088250"
"Row  912","1","Yes","No","0.121006","-0.664438"
"Row  918","1","Yes","No","0.239627","-3.305438"
"Row  933","1","Yes","No","0.183420","-0.526563"
"Row  938","1","Yes","No","0.068254","-1.364625"
"Row  942","1","Yes","No","0.151652","-0.270813"
"Row  944","5","No","Yes","0.282215","-5.066125"
"Row  949","5","No","Yes","0.333594","-4.608437"
"Row  952","5","No","Yes","0.242109","-3.699438"
"Row  955","1","Yes","No","0.151734","-0.328188"
"Row  960","1","Yes","No","0.179365","-0.338875"
"Row  961","5","No","Yes","0.395111","-5.375000"
"Row  969","1","Yes","No","0.224752","-0.922562"
"Row  975","1","Yes","No","0.131055","-0.500812"
"Row  989","1","Yes","No","0.230098","-1.691000"
"Row 1000","5","No","Yes","0.302484","-5.774375"
"Row 1015","5","No","Yes","0.184416","-3.949750"
"Row 1016","5","No","Yes","0.195924","-3.690937"
"Row 1037","5","No","Yes","0.265656","-4.661812"
"Row 1041","5","No","Yes","0.354252","-5.440062"
"Row 1048","5","No","Yes","0.344512","-5.807500"
"Row 1051","5","No","Yes","0.350287","-6.351625"
"Row 1053","1","Yes","No","0.188330","-0.691562"
"Row 1056","5","No","Yes","0.309934","-5.042375"
"Row 1060","5","No","Yes","0.528020","-5.481000"
"Row 1075","1","Yes","No","0.097367","-0.393313"
"Row 1076","1","Yes","No","0.115238","-0.337875"
"Row 1079","5","No","Yes","0.346748","-4.985938"
"Row 1084","5","No","Yes","0.314730","-4.497438"
"Row 1086","1","Yes","No","0.213291","-1.593375"
"Row 1089","5","No","Yes","0.165332","-3.799500"
"Row 1093","1","Yes","No","0.247643","-2.319250"
"Row 1094","1","Yes","No","0.186268","-0.372250"
"Row 1098","1","Yes","No","0.114131","-0.477125"
"Row 1101","1","Yes","No","0.135457","-0.464375"
"Row 1102","1","Yes","No","0.161855","-1.519125"
"Row 1107","1","Yes","No","0.109268","-0.602625"
"Row 1110","1","Yes","No","0.142799","-0.327000"
"Row 1112","1","Yes","No","0.152607","-0.613437"
"Row 1114","1","Yes","No","0.137322","-0.701438"
"Row 1115","1","Yes","No","0.161176","-0.577000"
"Row 1118","1","Yes","No","0.243959","-0.680875"
"Row 1120","1","Yes","No","0.155938","-0.876687"
"Row 1136","1","Yes","No","0.104338","-0.788563"
"Row 1141","1","Yes","No","0.141295","-0.465687"
"Row 1145","5","No","Yes","0.374768","-6.088563"
"Row 1152","1","Yes","No","0.123557","-0.647750"
"Row 1157","5","No","Yes","0.229295","-4.161500"
"Row 1179","5","No","Yes","0.224430","-3.565250"
"Row 1181","5","No","Yes","0.332969","-5.528937"
"Row 1183","1","Yes","No","0.162510","-0.474250"
"Row 1185","1","Yes","No","0.082809","-0.740250"
"Row 1193","1","Yes","No","0.144859","-0.651875"
"Row 1199","5","No","Yes","0.271146","-4.048750"
"Row 1201","1","Yes","No","0.084984","-0.573812"
"Row 1203","1","Yes","No","0.174814","-0.413500"
"Row 1206","1","Yes","No","0.106289","-0.843063"
"Row 1208","1","Yes","No","0.108162","-1.349813"
"Row 1209","5","No","Yes","0.218543","-4.640937"
"Row 1211","1","Yes","No","0.113715","-1.340188"
"Row 1215","1","Yes","No","0.196719","-0.690875"
"Row 1220","1","Yes","No","0.164816","-0.726562"
"Row 1223","1","Yes","No","0.170627","-1.560375"
"Row 1225","1","Yes","No","0.110672","-0.374250"
"Row 1228","1","Yes","No","0.168744","-0.849938"
"Row 1229","1","Yes","No","0.145176","-1.094250"
"Row 1231","1","Yes","No","0.214332","-0.585688"
"Row 1236","1","Yes","No","0.191562","-0.520813"
"Row 1240","5","No","Yes","0.372762","-6.243188"
"Row 1242","1","Yes","No","0.166893","-0.592187"
"Row 1245","5","No","Yes","0.213508","-4.545000"
"Row 1247","1","Yes","No","0.108262","-1.043937"
"Row 1250","5","No","Yes","0.368645","-5.431687"
"Row 1252","1","Yes","No","0.130229","-0.742250"
"Row 1254","1","Yes","No","0.177949","-0.619563"
"Row 1255","1","Yes","No","0.166859","-0.821187"
"Row 1258","1","Yes","No","0.117711","-0.544125"
"Row 1264","1","Yes","No","0.131865","-0.550625"
"Row 1268","1","Yes","No","0.131568","-0.504875"
"Row 1273","1","Yes","No","0.098625","-0.668750"
"Row 1278","1","Yes","No","0.188029","-0.579688"
"Row 1282","1","Yes","No","0.192771","-0.595187"
"Row 1286","1","Yes","No","0.221436","-0.440688"
"Row 1291","1","Yes","No","0.229354","-0.662687"
"Row 1294","1","Yes","No","0.143795","-0.279000"
"Row 1295","1","Yes","No","0.243252","-0.457562"
"Row 1297","1","Yes","No","0.121877","-0.573875"
"Row 1314","5","No","Yes","0.358893","-6.541938"
"Row 1336","1","Yes","No","0.123078","-0.750125"
"Row 1341","1","Yes","No","0.144945","-0.487187"
"Row 1346","1","Yes","No","0.071807","-0.596562"
"Row 1349","1","Yes","No","0.108689","-0.194812"
"Row 1351","1","Yes","No","0.163117","-0.606500"
"Row 1353","5","No","Yes","0.432502","-4.395375"
"Row 1354","1","Yes","No","0.222777","-1.394500"
"Row 1358","1","Yes","No","0.119053","-0.728250"
"Row 1363","1","Yes","No","0.124342","-0.286813"
"Row 1366","1","Yes","No","0.136600","-1.093125"
"Row 1371","1","Yes","No","0.166902","-0.465813"
"Row 1385","1","Yes","No","0.133543","-0.422312"
"Row 1388","5","No","Yes","0.371871","-5.597500"
"Row 1393","5","No","Yes","0.319332","-4.764750"
"Row 1394","1","Yes","No","0.152639","-0.517813"
"Row 1410","5","No","Yes","0.299410","-4.748375"
"Row 1413","1","Yes","No","0.227164","-0.737437"
"Row 1414","5","No","Yes","0.314584","-6.050000"
"Row 1415","1","Yes","No","0.217479","-0.833187"
"Row 1418","1","Yes","No","0.098914","-0.388625"
"Row 1425","5","No","Yes","0.178096","-3.231313"
"Row 1428","1","Yes","No","0.164404","-0.570625"
"Row 1433","1","Yes","No","0.147572","-0.256312"
"Row 1434","1","Yes","No","0.163322","-0.216000"
"Row 1452","5","No","Yes","0.353492","-6.191000"
"Row 1454","1","Yes","No","0.118215","-0.815438"
"Row 1459","1","Yes","No","0.133141","-0.558813"
"Row 1464","1","Yes","No","0.127994","-0.743125"
"Row 1469","1","Yes","No","0.136479","-0.844625"
"Row 1477","1","Yes","No","0.155383","-0.936187"
"Row 1480","1","Yes","No","0.166566","-0.631188"
"Row 1481","1","Yes","No","0.148924","-0.883312"
"Row 1482","1","Yes","No","0.110479","-0.599625"
"Row 1485","1","Yes","No","0.138180","-0.263500"
"Row 1486","1","Yes","No","0.111490","-0.265062"
"Row 1487","1","Yes","No","0.215553","-0.824937"
"Row 1490","1","Yes","No","0.141971","-0.694562"
"Row 1495","1","Yes","No","0.103510","-0.150188"
"Row 1499","1","Yes","No","0.085785","-0.546188"
"Row 1500","1","Yes","No","0.094930","-0.689500"
"Row 1503","1","Yes","No","0.100531","-1.186063"
"Row 1505","1","Yes","No","0.148023","-0.328062"
"Row 1507","5","No","Yes","0.305424","-4.773875"
"Row 1510","1","Yes","No","0.113400","-0.356563"
"Row 1513","1","Yes","No","0.129721","-0.468625"
"Row 1514","1","Yes","No","0.093217","-0.458250"
"Row 1515","1","Yes","No","0.131484","-0.556312"
"Row 1517","5","No","Yes","0.255447","-3.840937"
"Row 1520","1","Yes","No","0.160484","-0.496375"
"Row 1525","1","Yes","No","0.146391","-1.829438"
"Row 1530","1","Yes","No","0.126477","-0.446000"
"Row 1532","5","No","Yes","0.229990","-4.060750"
"Row 1535","1","Yes","No","0.110141","-0.635375"
"Row 1540","1","Yes","No","0.241105","-0.600000"
"Row 1548","1","Yes","No","0.250775","-1.134937"
"Row 1554","5","No","Yes","0.214791","-3.233000"
"Row 1557","1","Yes","No","0.146232","-1.067187"
"Row 1560","1","Yes","No","0.152723","-0.494000"
"Row 1561","5","No","Yes","0.290904","-5.123375"
"Row 1566","1","Yes","No","0.091391","-0.391562"
"Row 1567","1","Yes","No","0.205514","-0.366438"
"Row 1570","5","No","Yes","0.250613","-4.389437"
"Row 1571","5","No","Yes","0.209350","-3.377625"
"Row 1572","1","Yes","No","0.167123","-0.841688"
"Row 1575","1","Yes","No","0.197352","-0.430437"
"Row 1576","1","Yes","No","0.168039","-1.353063"
"Row 1578","5","No","Yes","0.204063","-3.052875"
"Row 1581","1","Yes","No","0.103586","-0.935813"
"Row 1586","1","Yes","No","0.177920","-1.055000"
"Row 1590","1","Yes","No","0.121166","-0.295063"
"Row 1595","1","Yes","No","0.101924","-0.337250"
"Row 1600","1","Yes","No","0.178789","-0.719437"
"Row 1605","1","Yes","No","0.105127","-0.376188"
"Row 1608","1","Yes","No","0.117168","-0.493375"
"Row 1609","1","Yes","No","0.092326","-0.365625"
"Row 1610","1","Yes","No","0.149928","-0.436563"
"Row 1613","5","No","Yes","0.396252","-5.706563"
"Row 1614","5","No","Yes","0.342916","-5.659125"
"Row 1615","1","Yes","No","0.154209","-1.619875"
"Row 1620","1","Yes","No","0.092500","-0.405875"
"Row 1627","1","Yes","No","0.150758","-0.298187"
"Row 1628","1","Yes","No","0.147535","-0.623250"
"Row 1633","1","Yes","No","0.133838","-0.706375"
"Row 1638","1","Yes","No","0.106143","-0.246188"
"Row 1641","1","Yes","No","0.131768","-0.318437"
"Row 1642","1","Yes","No","0.116713","-0.853250"
"Row 1645","5","No","Yes","0.379186","-4.887062"
"Row 1647","1","Yes","No","0.184406","-0.624812"
"Row 1656","1","Yes","No","0.156865","-0.947250"
"Row 1663","5","No","Yes","0.278350","-3.928688"
"Row 1664","1","Yes","No","0.163031","-1.100563"
"Row 1668","1","Yes","No","0.147021","-1.289750"
"Row 1670","1","Yes","No","0.120664","-0.700812"
"Row 1673","1","Yes","No","0.095268","-0.504938"
"Row 1683","1","Yes","No","0.169490","-1.178500"
"Row 1684","1","Yes","No","0.153586","-0.562250"
"Row 1687","1","Yes","No","0.148863","-0.401750"
"Row 1694","1","Yes","No","0.199437","-0.463375"
"Row 1696","1","Yes","No","0.127641","-0.390375"
"Row 1700","5","No","Yes","0.487160","-4.860250"
"Row 1701","1","Yes","No","0.115732","-0.406813"
"Row 1710","1","Yes","No","0.255656","-1.454438"
"Row 1714","1","Yes","No","0.137945","-0.477687"
"Row 1718","1","Yes","No","0.222559","-2.025250"
"Row 1720","1","Yes","No","0.232457","-1.195625"
"Row 1721","1","Yes","No","0.162172","-2.327625"
"Row 1723","1","Yes","No","0.108035","-0.156562"
"Row 1730","1","Yes","No","0.138838","-0.836187"
"Row 1733","5","No","Yes","0.332330","-5.593687"
"Row 1736","1","Yes","No","0.102076","-1.067000"
"Row 1738","5","No","Yes","0.405611","-5.320500"
"Row 1741","5","No","Yes","0.345494","-5.253312"
"Row 1743","5","No","Yes","0.152418","-2.661437"
"Row 1746","1","Yes","No","0.119219","-0.508875"
"Row 1748","5","No","Yes","0.245305","-4.861000"
"Row 1751","1","Yes","No","0.120549","-0.531687"
"Row 1753","5","No","Yes","0.268799","-3.432688"
"Row 1756","1","Yes","No","0.192094","-0.417312"
"Row 1793","1","Yes","No","0.106643","-1.476687"
"Row 1795","5","No","Yes","0.199920","-3.564812"
"Row 1798","1","Yes","No","0.126490","-0.365312"
"Row 1828","5","No","Yes","0.324818","-6.353500"
"Row 1829","1","Yes","No","0.181396","-0.618875"
"Row 1830","5","No","Yes","0.249047","-4.586062"
"Row 1834","1","Yes","No","0.216775","-1.365750"
"Row 1837","1","Yes","No","0.103055","-0.240313"
"Row 1839","1","Yes","No","0.090236","-0.737750"
"Row 1850","1","Yes","No","0.182324","-0.758500"
"Row 1859","1","Yes","No","0.165283","-0.774875"
"Row 1867","1","Yes","No","0.202561","-1.805063"
"Row 1873","1","Yes","No","0.096822","-0.442750"
"Row 1875","1","Yes","No","0.099723","-0.318750"
"Row 1880","1","Yes","No","0.152094","-0.867062"
"Row 1885","1","Yes","No","0.134559","-0.419750"
"Row 1889","5","No","Yes","0.265090","-4.060000"
"Row 1890","1","Yes","No","0.090865","-0.732313"
"Row 1895","1","Yes","No","0.175186","-0.482938"
"Row 1897","1","Yes","No","0.150184","-0.197813"
"Row 1899","1","Yes","No","0.138520","-0.494312"
"Row 1900","1","Yes","No","0.194619","-1.344563"
"Row 1901","5","No","Yes","0.273234","-4.118625"
"Row 1903","1","Yes","No","0.116398","-0.897625"
"Row 1907","1","Yes","No","0.152770","-0.793625"
"Row 1908","1","Yes","No","0.107816","-0.670500"
"Row 1913","1","Yes","No","0.096381","-0.323250"
"Row 1915","1","Yes","No","0.111953","-0.365063"
"Row 1917","1","Yes","No","0.102797","-0.202313"
"Row 1918","1","Yes","No","0.147119","-0.755062"
"Row 1920","1","Yes","No","0.155373","-0.842500"
"Row 1923","1","Yes","No","0.267162","-0.647437"
"Row 1925","1","Yes","No","0.241727","-0.628938"
"Row 1927","1","Yes","No","0.192230","-0.863500"
"Row 1928","1","Yes","No","0.211213","-0.415250"
"Row 1930","1","Yes","No","0.205664","-0.525687"
"Row 1932","1","Yes","No","0.155312","-0.360500"
"Row 1933","1","Yes","No","0.105852","-0.458500"
"Row 1936","5","No","Yes","0.250410","-4.263813"
"Row 1937","5","No","Yes","0.236904","-4.178063"
"Row 1938","1","Yes","No","0.185324","-1.690875"
"Row 1940","1","Yes","No","0.147594","-0.602563"
"Row 1943","1","Yes","No","0.150590","-0.751938"
"Row 1945","1","Yes","No","0.154955","-0.492875"
"Row 1948","1","Yes","No","0.106563","-1.722625"
"Row 1950","1","Yes","No","0.109531","-1.210687"
"Row 1952","1","Yes","No","0.073541","-0.704625"
"Row 1953","1","Yes","No","0.120320","-0.275875"
"Row 1956","1","Yes","No","0.168730","-0.674000"
"Row 1958","1","Yes","No","0.175998","-0.455188"
"Row 1963","1","Yes","No","0.169746","-0.889563"
"Row 1965","1","Yes","No","0.196896","-1.542312"
"Row 1968","1","Yes","No","0.120215","-0.266625"
"Row 1970","1","Yes","No","0.126193","-0.439937"
"Row 1972","1","Yes","No","0.138783","-0.289500"
"Row 1973","1","Yes","No","0.248871","-0.773563"
"Row 1977","1","Yes","No","0.194363","-0.691125"
"Row 1978","1","Yes","No","0.221318","-0.972000"
"Row 1980","1","Yes","No","0.146816","-0.763312"
"Row 1981","1","Yes","No","0.134246","-1.040625"
"Row 1984","1","Yes","No","0.100863","-0.355500"
"Row 1987","1","Yes","No","0.134518","-0.776000"
"Row 1989","1","Yes","No","0.148641","-0.896563"
"Row 1992","1","Yes","No","0.089395","-0.407625"
"Row 1995","1","Yes","No","0.117488","-0.895188"
"Row 1996","5","No","Yes","0.271512","-4.351687"
"Row 1997","1","Yes","No","0.077961","-0.511750"
"Row 2000","1","Yes","No","0.101391","-0.265875"
"Row 2002","1","Yes","No","0.155707","-0.706375"
"Row 2006","5","No","Yes","0.376916","-4.857563"
"Row 2007","1","Yes","No","0.198971","-1.753812"
"Row 2011","1","Yes","No","0.121490","-0.639687"
"Row 2013","1","Yes","No","0.104711","-0.235125"
"Row 2018","1","Yes","No","0.200615","-1.300312"
"Row 2019","1","Yes","No","0.217436","-0.860187"
"Row 2020","5","No","Yes","0.349588","-6.155125"
"Row 2025","5","No","Yes","0.272551","-4.943750"
"Row 2028","1","Yes","No","0.205236","-0.773937"
"Row 2036","1","Yes","No","0.183992","-0.670188"
"Row 2039","1","Yes","No","0.094521","-0.787000"
"Row 2044","1","Yes","No","0.093223","-0.914125"
"Row 2046","1","Yes","No","0.235336","-0.856375"
"Row 2047","1","Yes","No","0.233451","-1.063375"
"Row 2048","1","Yes","No","0.284162","-1.236813"
"Row 2050","1","Yes","No","0.186711","-0.538125"
"Row 2051","1","Yes","No","0.179994","-0.934875"
"Row 2052","1","Yes","No","0.203246","-0.926125"
"Row 2053","1","Yes","No","0.191988","-0.579562"
"Row 2054","1","Yes","No","0.176123","-1.000625"
"Row 2061","1","Yes","No","0.079641","-0.799250"
"Row 2065","1","Yes","No","0.131762","-0.646875"
"Row 2067","1","Yes","No","0.248850","-0.974750"
"Row 2084","5","No","Yes","0.307580","-4.352375"
"Row 2090","5","No","Yes","0.203717","-4.164625"
"Row 2092","5","No","Yes","0.176277","-3.715438"
"Row 2094","5","No","Yes","0.203748","-4.281688"
"Row 2102","5","No","Yes","0.347096","-5.655437"
"Row 2105","1","Yes","No","0.124447","-0.638875"
"Row 2111","5","No","Yes","0.286885","-4.852125"
"Row 2112","1","Yes","No","0.118025","-0.525438"
"Row 2117","1","Yes","No","0.139320","-1.241062"
"Row 2137","5","No","Yes","0.294436","-4.777625"
"Row 2140","1","Yes","No","0.177141","-2.368063"
"Row 2147","5","No","Yes","0.154486","-3.762812"
"Row 2151","1","Yes","No","0.067635","-1.410875"
"Row 2160","1","Yes","No","0.195230","-0.877687"
"Row 2171","5","No","Yes","0.383191","-5.447750"
"Row 2177","1","Yes","No","0.089236","-0.625188"
"Row 2188","1","Yes","No","0.220250","-3.030687"
"Row 2198","1","Yes","No","0.091064","-0.336250"
"Row 2214","1","Yes","No","0.158891","-0.772312"
"Row 2221","1","Yes","No","0.112646","-0.236187"
"Row 2224","5","No","Yes","0.258648","-4.203313"
"Row 2226","1","Yes","No","0.201475","-0.658687"
"Row 2229","1","Yes","No","0.201064","-0.511500"
"Row 2231","1","Yes","No","0.170355","-0.602750"
"Row 2234","1","Yes","No","0.206246","-0.485687"
"Row 2236","1","Yes","No","0.156678","-0.576625"
"Row 2239","1","Yes","No","0.127422","-0.774687"
"Row 2241","1","Yes","No","0.136779","-1.207812"
"Row 2244","5","No","Yes","0.155936","-3.006063"
"Row 2245","1","Yes","No","0.137570","-0.627000"
"Row 2251","1","Yes","No","0.173563","-0.523687"
"Row 2253","1","Yes","No","0.133863","-0.460313"
"Row 2258","1","Yes","No","0.182414","-1.725937"
"Row 2261","5","No","Yes","0.288283","-4.770875"
"Row 2263","5","No","Yes","0.245988","-4.489875"
"Row 2266","1","Yes","No","0.130168","-0.438688"
"Row 2267","1","Yes","No","0.104910","-0.745687"
"Row 2271","5","No","Yes","0.181805","-3.036437"
"Row 2272","1","Yes","No","0.218740","-0.899000"
"Row 2275","1","Yes","No","0.200941","-0.590187"
"Row 2281","5","No","Yes","0.381859","-5.715312"
"Row 2288","1","Yes","No","0.141004","-0.720000"
"Row 2291","1","Yes","No","0.217621","-0.919625"
"Row 2296","1","Yes","No","0.141623","-1.396000"
"Row 2301","5","No","Yes","0.304770","-5.265313"
"Row 2312","1","Yes","No","0.231125","-0.948750"
"Row 2313","5","No","Yes","0.323449","-5.277938"
"Row 2315","1","Yes","No","0.137602","-0.675687"
"Row 2316","1","Yes","No","0.145088","-0.451500"
"Row 2320","1","Yes","No","0.124037","-0.459250"
"Row 2329","1","Yes","No","0.237838","-0.981563"
"Row 2338","5","No","Yes","0.173813","-3.884063"
"Row 2342","1","Yes","No","0.091367","-0.430437"
"Row 2349","1","Yes","No","0.134893","-0.252625"
"Row 2352","1","Yes","No","0.117559","-0.546625"
"Row 2356","1","Yes","No","0.060170","-0.679188"
"Row 2358","1","Yes","No","0.153100","-0.517875"
"Row 2360","5","No","Yes","0.180816","-3.343250"
"Row 2366","5","No","Yes","0.284627","-4.688625"
"Row 2371","5","No","Yes","0.368607","-5.206062"
"Row 2373","1","Yes","No","0.191131","-0.952937"
"Row 2374","5","No","Yes","0.313787","-4.869000"
"Row 2375","5","No","Yes","0.272062","-5.821875"
"Row 2379","5","No","Yes","0.374117","-4.825188"
"Row 2382","1","Yes","No","0.215930","-0.677687"
"Row 2383","5","No","Yes","0.359867","-5.092313"
"Row 2386","1","Yes","No","0.137434","-0.297875"
"Row 2387","5","No","Yes","0.314104","-5.356312"
"Row 2391","5","No","Yes","0.377160","-5.535812"
"Row 2394","1","Yes","No","0.196160","-0.874938"
"Row 2395","5","No","Yes","0.386082","-5.837750"
"Row 2396","5","No","Yes","0.177643","-3.615625"
"Row 2409","5","No","Yes","0.235945","-4.283437"
"Row 2411","1","Yes","No","0.107367","-0.227250"
"Row 2412","1","Yes","No","0.122090","-0.313937"
"Row 2414","1","Yes","No","0.093611","-0.458625"
"Row 2424","1","Yes","No","0.143857","-0.716375"
"Row 2432","1","Yes","No","0.157541","-0.306688"
"Row 2456","1","Yes","No","0.191934","-1.929375"
"Row 2463","5","No","Yes","0.232979","-3.466813"
"Row 2464","1","Yes","No","0.116920","-0.520687"
"Row 2466","5","No","Yes","0.339861","-5.566750"
"Row 2482","5","No","Yes","0.343705","-6.613313"
"Row 2483","5","No","Yes","0.289775","-5.543250"
"Row 2486","1","Yes","No","0.165318","-0.968500"
"Row 2494","5","No","Yes","0.185457","-3.285062"
"Row 2508","1","Yes","No","0.195102","-0.556312"
"Row 2511","1","Yes","No","0.177506","-0.406875"
"Row 2513","5","No","Yes","0.266049","-5.253750"
"Row 2517","1","Yes","No","0.141191","-0.419438"
"Row 2521","1","Yes","No","0.147553","-0.888000"
"Row 2522","1","Yes","No","0.129934","-1.412313"
"Row 2523","1","Yes","No","0.114721","-0.714938"
"Row 2526","5","No","Yes","0.312895","-4.549000"
"Row 2532","1","Yes","No","0.117715","-0.616875"
"Row 2537","1","Yes","No","0.208465","-0.993750"
"Row 2547","1","Yes","No","0.094764","-0.387625"
"Row 2548","1","Yes","No","0.103037","-0.836812"
"Row 2549","1","Yes","No","0.095127","-1.075937"
"Row 2554","1","Yes","No","0.091969","-0.314188"
"Row 2557","1","Yes","No","0.151254","-0.551750"
"Row 2562","5","No","Yes","0.247908","-4.105062"
"Row 2564","1","Yes","No","0.177104","-0.527062"
"Row 2574","1","Yes","No","0.135301","-0.444875"
"Row 2576","1","Yes","No","0.134721","-0.775875"
"Row 2582","1","Yes","No","0.203691","-1.437250"
"Row 2588","1","Yes","No","0.117168","-0.513625"
"Row 2594","5","No","Yes","0.271693","-5.148125"
"Row 2597","1","Yes","No","0.134242","-0.500062"
"Row 2607","1","Yes","No","0.141602","-0.598938"
"Row 2611","1","Yes","No","0.244793","-1.219437"
"Row 2616","1","Yes","No","0.208100","-0.483625"
"Row 2617","1","Yes","No","0.209145","-0.481812"
"Row 2628","5","No","Yes","0.401900","-4.006188"
"Row 2630","5","No","Yes","0.415193","-4.189625"
"Row 2631","5","No","Yes","0.320148","-4.688375"
"Row 2636","5","No","Yes","0.187645","-3.587438"
"Row 2641","1","Yes","No","0.101482","-0.457500"
"Row 2645","1","Yes","No","0.091590","-0.561438"
"Row 2650","1","Yes","No","0.116701","-0.622625"
"Row 2662","1","Yes","No","0.127123","-0.691438"
"Row 2677","5","No","Yes","0.300725","-5.297313"
"Row 2678","5","No","Yes","0.246574","-5.283375"
"Row 2680","1","Yes","No","0.130014","-0.536250"
"Row 2690","1","Yes","No","0.192039","-0.745625"
"Row 2692","1","Yes","No","0.135715","-1.055313"
"Row 2694","5","No","Yes","0.204793","-4.526937"
"Row 2696","1","Yes","No","0.083164","-0.523500"
"Row 2699","5","No","Yes","0.316094","-4.556375"
"Row 2702","1","Yes","No","0.160330","-0.694875"
"Row 2703","1","Yes","No","0.160832","-0.851938"
"Row 2704","1","Yes","No","0.139072","-0.529875"
"Row 2706","5","No","Yes","0.236674","-3.728063"
"Row 2707","1","Yes","No","0.189557","-0.838313"
"Row 2712","1","Yes","No","0.103754","-0.212000"
"Row 2718","1","Yes","No","0.201656","-0.882687"
"Row 2719","1","Yes","No","0.165342","-1.166875"
"Row 2722","1","Yes","No","0.147797","-0.920438"
"Row 2738","5","No","Yes","0.271313","-4.044313"
"Row 2743","5","No","Yes","0.380893","-4.979063"
"Row 2754","1","Yes","No","0.139037","-0.868563"
"Row 2756","1","Yes","No","0.126268","-0.246375"
"Row 2758","1","Yes","No","0.186219","-1.083937"
"Row 2761","1","Yes","No","0.181965","-0.680750"
"Row 2762","1","Yes","No","0.219119","-0.590625"
"Row 2766","1","Yes","No","0.164937","-0.479938"
"Row 2768","5","No","Yes","0.378029","-5.445875"
"Row 2770","1","Yes","No","0.148723","-0.407125"
"Row 2777","1","Yes","No","0.160465","-0.791750"
"Row 2779","5","No","Yes","0.221469","-4.413000"
"Row 2785","1","Yes","No","0.229379","-0.679375"
"Row 2788","5","No","Yes","0.155633","-3.469125"
"Row 2794","1","Yes","No","0.184676","-2.040125"
"Row 2802","5","No","Yes","0.391916","-5.293500"
"Row 2803","1","Yes","No","0.166275","-0.592437"
"Row 2804","5","No","Yes","0.377209","-5.546563"
"Row 2807","5","No","Yes","0.283877","-4.870687"
"Row 2815","5","No","Yes","0.284875","-5.496625"
"Row 2818","1","Yes","No","0.124967","-0.989125"
"Row 2824","5","No","Yes","0.156600","-3.070875"
"Row 2834","1","Yes","No","0.092254","-1.298687"
"Row 2838","1","Yes","No","0.144178","-0.458875"
"Row 2848","5","No","Yes","0.336240","-6.860125"
"Row 2854","1","Yes","No","0.161643","-0.368312"
"Row 2855","1","Yes","No","0.162635","-0.357312"
"Row 2859","5","No","Yes","0.244941","-4.114438"
"Row 2863","5","No","Yes","0.275187","-4.605562"
"Row 2868","5","No","Yes","0.257389","-4.488500"
"Row 2871","1","Yes","No","0.092449","-1.347938"
"Row 2873","5","No","Yes","0.267391","-5.071813"
"Row 2878","5","No","Yes","0.315990","-4.903250"
"Row 2881","1","Yes","No","0.155598","-0.459250"
"Row 2885","5","No","Yes","0.283148","-4.734000"
"Row 2890","5","No","Yes","0.314090","-5.223937"
"Row 2892","1","Yes","No","0.191828","-1.367188"
"Row 2902","5","No","Yes","0.348102","-5.091938"
"Row 2904","5","No","Yes","0.221137","-3.890938"
"Row 2905","5","No","Yes","0.242693","-4.493250"
"Row 2907","1","Yes","No","0.112621","-0.827688"
"Row 2908","5","No","Yes","0.391400","-5.298563"
"Row 2909","1","Yes","No","0.183502","-2.192312"
"Row 2914","1","Yes","No","0.207619","-1.452937"
"Row 2924","1","Yes","No","0.137592","-0.390188"
"Row 2936","5","No","Yes","0.401232","-5.455563"
"Row 2952","5","No","Yes","0.331547","-4.836313"
"Row 2954","5","No","Yes","0.351740","-4.682875"
"Row 2955","5","No","Yes","0.219656","-4.056438"
"Row 2960","5","No","Yes","0.309156","-4.525500"
"Row 2962","5","No","Yes","0.378590","-6.086812"
"Row 2965","5","No","Yes","0.250164","-5.028937"
"Row 2969","5","No","Yes","0.210811","-3.784438"
"Row 2975","1","Yes","No","0.117488","-0.426500"
"Row 2978","5","No","Yes","0.156633","-3.299937"
"Row 2981","1","Yes","No","0.115699","-0.689750"
"Row 2999","5","No","Yes","0.285957","-5.377562"
"Row 3004","1","Yes","No","0.135303","-0.431188"
"Row 3010","1","Yes","No","0.098895","-0.369063"
"Row 3015","1","Yes","No","0.162943","-0.344000"
"Row 3022","5","No","Yes","0.217904","-4.731312"
"Row 3028","5","No","Yes","0.195266","-3.679375"
"Row 3029","1","Yes","No","0.104102","-0.166187"
"Row 3035","5","No","Yes","0.256055","-4.376250"
"Row 3036","5","No","Yes","0.359010","-5.280500"
"Row 3040","5","No","Yes","0.333172","-4.687250"
"Row 3041","5","No","Yes","0.367646","-5.150313"
"Row 3056","1","Yes","No","0.175266","-0.863125"
"Row 3071","1","Yes","No","0.130309","-0.747250"
"Row 3082","1","Yes","No","0.138047","-0.425500"
"Row 3089","1","Yes","No","0.165979","-0.810562"
"Row 3096","1","Yes","No","0.102484","-0.765437"
"Row 3100","1","Yes","No","0.232029","-1.118875"
"Row 3118","1","Yes","No","0.226447","-1.011625"
"Row 3119","5","No","Yes","0.227889","-3.760438"
"Row 3120","1","Yes","No","0.181295","-0.608375"
"Row 3124","1","Yes","No","0.146318","-0.433812"
"Row 3125","1","Yes","No","0.169988","-1.135563"
"Row 3131","1","Yes","No","0.133883","-0.929875"
"Row 3132","1","Yes","No","0.126107","-0.953125"
"Row 3140","5","No","Yes","0.249939","-5.537312"
"Row 3142","5","No","Yes","0.183334","-3.381000"
"Row 3144","1","Yes","No","0.116439","-0.480000"
"Row 3148","5","No","Yes","0.190734","-4.407312"
"Row 3151","5","No","Yes","0.366613","-6.022000"
"Row 3153","1","Yes","No","0.213234","-0.878375"
"Row 3154","1","Yes","No","0.163041","-0.649687"
"Row 3155","5","No","Yes","0.297320","-4.539187"
"Row 3163","1","Yes","No","0.141494","-0.619625"
"Row 3169","1","Yes","No","0.131900","-0.535000"
"Row 3170","5","No","Yes","0.369600","-5.962313"
"Row 3173","5","No","Yes","0.344383","-4.893000"
"Row 3179","1","Yes","No","0.204064","-1.270563"
"Row 3185","1","Yes","No","0.171600","-0.753750"
"Row 3190","5","No","Yes","0.244904","-4.355937"
"Row 3210","5","No","Yes","0.393984","-5.702063"
"Row 3215","1","Yes","No","0.131127","-0.686813"
"Row 3221","1","Yes","No","0.147143","-0.463438"
"Row 3226","5","No","Yes","0.335891","-4.523688"
"Row 3231","1","Yes","No","0.202805","-1.346875"
"Row 3237","1","Yes","No","0.125246","-0.281875"
"Row 3247","1","Yes","No","0.201439","-0.727875"
"Row 3251","1","Yes","No","0.129555","-1.123563"
"Row 3253","1","Yes","No","0.090236","-0.597437"
"Row 3261","1","Yes","No","0.141891","-0.646437"
"Row 3264","1","Yes","No","0.150529","-1.282312"
"Row 3267","1","Yes","No","0.161641","-0.879000"
"Row 3282","5","No","Yes","0.358895","-4.495188"
"Row 3287","1","Yes","No","0.217670","-0.907375"
"Row 3289","1","Yes","No","0.252848","-1.558688"
"Row 3295","1","Yes","No","0.120361","-1.401250"
"Row 3299","1","Yes","No","0.173729","-0.384188"
"Row 3301","5","No","Yes","0.306514","-4.627063"
"Row 3303","5","No","Yes","0.273129","-4.099812"
"Row 3305","1","Yes","No","0.131166","-0.756125"
"Row 3306","5","No","Yes","0.285898","-4.487813"
"Row 3310","5","No","Yes","0.171254","-3.140188"
"Row 3315","5","No","Yes","0.372865","-4.837750"
"Row 3320","1","Yes","No","0.119629","-0.480563"
"Row 3330","1","Yes","No","0.159008","-0.561312"
"Row 3335","1","Yes","No","0.230957","-0.587500"
"Row 3344","1","Yes","No","0.260359","-1.318125"
"Row 3346","1","Yes","No","0.199010","-1.120437"
"Row 3351","1","Yes","No","0.142355","-0.543937"
"Row 3355","5","No","Yes","0.265336","-4.871000"
"Row 3362","5","No","Yes","0.246246","-5.011375"
"Row 3364","5","No","Yes","0.260990","-5.027812"
"Row 3367","5","No","Yes","0.273234","-4.415438"
"Row 3371","5","No","Yes","0.219070","-3.182313"
"Row 3372","5","No","Yes","0.323719","-4.452500"
"Row 3377","1","Yes","No","0.197033","-1.145250"
"Row 3380","1","Yes","No","0.116396","-1.314625"
"Row 3385","1","Yes","No","0.094730","-0.640625"
"Row 3394","1","Yes","No","0.201863","-1.270938"
"Row 3397","1","Yes","No","0.139984","-0.423500"
"Row 3398","1","Yes","No","0.143805","-0.872250"
"Row 3402","1","Yes","No","0.104846","-0.404000"
"Row 3408","1","Yes","No","0.101656","-0.324625"
"Row 3409","5","No","Yes","0.222799","-4.629250"
"Row 3414","1","Yes","No","0.163057","-0.815063"
"Row 3417","5","No","Yes","0.282600","-4.617250"
"Row 3428","5","No","Yes","0.212824","-4.698000"
"Row 3433","1","Yes","No","0.077264","-1.099500"
"Row 3436","5","No","Yes","0.298686","-5.447750"
"Row 3443","1","Yes","No","0.173055","-1.503313"
"Row 3448","5","No","Yes","0.312580","-5.577875"
"Row 3452","1","Yes","No","0.141270","-0.595187"
"Row 3461","1","Yes","No","0.135721","-0.469438"
"Row 3465","1","Yes","No","0.081717","-0.568063"
"Row 3466","1","Yes","No","0.089660","-0.343500"
"Row 3496","5","No","Yes","0.235445","-5.353500"
"Row 3505","5","No","Yes","0.267764","-4.018562"
"Row 3524","1","Yes","No","0.140043","-0.404500"
"Row 3539","5","No","Yes","0.290391","-4.557750"
"Row 3553","1","Yes","No","0.110889","-0.546063"
"Row 3557","1","Yes","No","0.180559","-0.522750"
"Row 3559","1","Yes","No","0.122008","-0.449188"
"Row 3562","1","Yes","No","0.117412","-0.589875"
"Row 3563","1","Yes","No","0.113748","-0.618750"
"Row 3578","5","No","Yes","0.311238","-5.179625"
"Row 3580","1","Yes","No","0.109094","-1.110750"
"Row 3586","1","Yes","No","0.112281","-0.635000"
"Row 3589","5","No","Yes","0.307766","-5.993188"
"Row 3593","5","No","Yes","0.151750","-2.970250"
"Row 3600","5","No","Yes","0.330396","-5.439500"
"Row 3601","1","Yes","No","0.150363","-0.510563"
"Row 3607","1","Yes","No","0.159424","-1.058812"
"Row 3608","5","No","Yes","0.351748","-4.259375"
"Row 3612","1","Yes","No","0.075422","-0.745375"
"Row 3614","5","No","Yes","0.287320","-5.338500"
"Row 3615","1","Yes","No","0.123334","-0.831438"
"Row 3621","5","No","Yes","0.276092","-4.324000"
"Row 3623","5","No","Yes","0.399900","-5.528187"
"Row 3635","1","Yes","No","0.176191","-1.071875"
"Row 3639","1","Yes","No","0.117416","-0.730812"
"Row 3640","5","No","Yes","0.214643","-4.624437"
"Row 3643","1","Yes","No","0.156266","-1.477000"
"Row 3644","5","No","Yes","0.242141","-4.503813"
"Row 3646","1","Yes","No","0.128820","-0.762250"
"Row 3647","1","Yes","No","0.135197","-0.394688"
"Row 3649","5","No","Yes","0.435916","-5.860375"
"Row 3650","5","No","Yes","0.299871","-4.488562"
"Row 3651","1","Yes","No","0.133605","-0.493437"
"Row 3654","5","No","Yes","0.359184","-5.193688"
"Row 3655","5","No","Yes","0.303844","-4.668250"
"Row 3656","1","Yes","No","0.121420","-0.191312"
"Row 3659","5","No","Yes","0.379990","-5.022125"
"Row 3660","1","Yes","No","0.260129","-0.848250"
"Row 3661","1","Yes","No","0.211930","-0.636062"
"Row 3662","1","Yes","No","0.182770","-0.629188"
"Row 3663","5","No","Yes","0.343434","-4.500875"
"Row 3664","5","No","Yes","0.355701","-4.876313"
"Row 3665","1","Yes","No","0.156865","-1.129188"
"Row 3668","1","Yes","No","0.082172","-0.555312"
"Row 3670","1","Yes","No","0.099912","-0.228187"
"Row 3671","1","Yes","No","0.091969","-0.316688"
"Row 3678","1","Yes","No","0.117908","-0.281875"
"Row 3684","1","Yes","No","0.104852","-0.667250"
"Row 3687","5","No","Yes","0.188008","-3.768125"
"Row 3688","5","No","Yes","0.238836","-4.293125"
"Row 3689","1","Yes","No","0.120467","-0.589812"
"Row 3693","1","Yes","No","0.138502","-0.655000"
"Row 3698","1","Yes","No","0.108668","-0.502812"
"Row 3699","1","Yes","No","0.098342","-0.499875"
"Row 3703","1","Yes","No","0.105316","-0.388250"
"Row 3704","1","Yes","No","0.110307","-0.315125"
"Row 3705","5","No","Yes","0.238883","-5.203000"
"Row 3706","1","Yes","No","0.137000","-0.655188"
"Row 3708","1","Yes","No","0.131518","-0.814937"
"Row 3717","1","Yes","No","0.098625","-0.769062"
"Row 3719","5","No","Yes","0.459975","-6.292187"
"Row 3720","1","Yes","No","0.176662","-0.451375"
"Row 3721","1","Yes","No","0.211395","-0.498375"
"Row 3723","1","Yes","No","0.171889","-0.957063"
"Row 3731","5","No","Yes","0.323984","-5.519000"
"Row 3732","1","Yes","No","0.128031","-1.108625"
"Row 3743","1","Yes","No","0.201379","-0.742750"
"Row 3748","1","Yes","No","0.101318","-0.498750"
"Row 3751","5","No","Yes","0.244072","-4.229000"
"Row 3756","1","Yes","No","0.128689","-0.790813"
"Row 3767","5","No","Yes","0.249990","-4.234250"
"Row 3768","1","Yes","No","0.159500","-0.837500"
"Row 3772","1","Yes","No","0.102488","-0.332125"
"Row 3784","1","Yes","No","0.200684","-0.578438"
"Row 3785","1","Yes","No","0.094980","-0.385500"
"Row 3795","5","No","Yes","0.268637","-3.929250"
"Row 3799","5","No","Yes","0.336156","-4.820750"
"Row 3800","5","No","Yes","0.376713","-4.903062"
"Row 3806","5","No","Yes","0.350582","-5.518438"
"Row 3809","5","No","Yes","0.156621","-3.363625"
"Row 3833","5","No","Yes","0.243879","-4.462125"
"Row 3838","5","No","Yes","0.254221","-4.659500"
"Row 3843","1","Yes","No","0.144107","-0.680875"
"Row 3853","5","No","Yes","0.237600","-3.883125"
"Row 3861","5","No","Yes","0.153354","-3.181437"
"Row 3866","5","No","Yes","0.316178","-5.575875"
"Row 3867","5","No","Yes","0.333939","-5.018500"
"Row 3871","1","Yes","No","0.184084","-1.841250"
"Row 3873","1","Yes","No","0.094045","-0.454813"
"Row 3876","1","Yes","No","0.089604","-0.288313"
"Row 3878","1","Yes","No","0.158568","-0.297750"
"Row 3888","1","Yes","No","0.125123","-0.399000"
"Row 3893","1","Yes","No","0.128414","-0.606875"
"Row 3902","5","No","Yes","0.273760","-5.039688"
"Row 3905","1","Yes","No","0.100893","-0.755375"
"Row 3907","5","No","Yes","0.450307","-4.510937"
"Row 3909","1","Yes","No","0.190807","-0.443500"
"Row 3916","5","No","Yes","0.292705","-5.255750"
"Row 3922","5","No","Yes","0.320264","-6.103187"
"Row 3925","5","No","Yes","0.304994","-5.637437"
"Row 3926","5","No","Yes","0.311490","-4.888000"
"Row 3928","1","Yes","No","0.168680","-0.648813"
"Row 3932","1","Yes","No","0.082209","-0.771687"
"Row 3942","5","No","Yes","0.293322","-5.539937"
"Row 3943","5","No","Yes","0.300490","-4.778062"
"Row 3948","5","No","Yes","0.200551","-4.036937"
"Row 3950","1","Yes","No","0.104236","-0.651312"
"Row 3952","1","Yes","No","0.106826","-0.819125"
"Row 3954","1","Yes","No","0.125273","-0.507250"
"Row 3960","5","No","Yes","0.187002","-3.640500"
"Row 3964","1","Yes","No","0.123232","-0.380125"
"Row 3968","5","No","Yes","0.313832","-5.590375"
"Row 3974","5","No","Yes","0.402389","-4.428813"
"Row 3975","5","No","Yes","0.333674","-4.751375"
"Row 3977","1","Yes","No","0.209830","-0.481750"
"Row 3981","1","Yes","No","0.230145","-0.857062"
"Row 3985","1","Yes","No","0.163041","-0.767938"
"Row 3989","1","Yes","No","0.136469","-0.703500"
"Row 3991","1","Yes","No","0.173123","-0.571875"
"Row 3997","1","Yes","No","0.206006","-0.787438"
"Row 3999","1","Yes","No","0.195619","-0.839063"
"Row 4003","1","Yes","No","0.120080","-0.257750"
"Row 4010","5","No","Yes","0.315596","-4.250125"
"Row 4018","1","Yes","No","0.101512","-0.265813"
"Row 4020","5","No","Yes","0.207342","-3.732875"
"Row 4021","5","No","Yes","0.294195","-5.000750"
"Row 4029","5","No","Yes","0.258842","-4.531875"
"Row 4033","1","Yes","No","0.087686","-0.453188"
"Row 4051","1","Yes","No","0.182424","-0.554250"
"Row 4058","5","No","Yes","0.372916","-5.604000"
"Row 4062","5","No","Yes","0.156057","-3.384812"
"Row 4077","1","Yes","No","0.090516","-0.363938"
"Row 4082","1","Yes","No","0.140779","-0.681937"
"Row 4085","5","No","Yes","0.219727","-4.013500"
"Row 4088","5","No","Yes","0.304447","-5.153437"
"Row 4092","1","Yes","No","0.203762","-0.978000"
"Row 4097","5","No","Yes","0.399447","-5.077438"
"Row 4105","1","Yes","No","0.131367","-0.856563"
"Row 4111","5","No","Yes","0.220613","-3.572750"
"Row 4113","5","No","Yes","0.231559","-4.342375"
"Row 4116","5","No","Yes","0.175877","-3.618438"
"Row 4118","1","Yes","No","0.124090","-0.189000"
"Row 4123","5","No","Yes","0.394527","-5.085500"
"Row 4136","1","Yes","No","0.095197","-0.348687"
"Row 4137","1","Yes","No","0.121400","-1.143000"
"Row 4139","5","No","Yes","0.218938","-4.798063"
"Row 4140","5","No","Yes","0.236672","-4.167375"
"Row 4153","1","Yes","No","0.094090","-0.355750"
"Row 4167","1","Yes","No","0.099154","-0.773875"
"Row 4176","5","No","Yes","0.252461","-4.527250"
"Row 4177","5","No","Yes","0.314547","-4.991812"
"Row 4182","1","Yes","No","0.216754","-1.077312"
"Row 4191","5","No","Yes","0.364139","-6.399438"
"Row 4195","1","Yes","No","0.143189","-0.675125"
"Row 4205","5","No","Yes","0.224684","-4.276688"
"Row 4206","5","No","Yes","0.246391","-4.836125"
"Row 4208","1","Yes","No","0.113879","-0.824750"
"Row 4216","5","No","Yes","0.104070","-2.424125"
"Row 4226","1","Yes","No","0.106873","-0.574000"
"Row 4229","5","No","Yes","0.310277","-5.610688"
"Row 4233","1","Yes","No","0.149305","-0.344000"
"Row 4248","1","Yes","No","0.109861","-1.253750"
"Row 4259","1","Yes","No","0.122545","-0.532438"
"Row 4260","1","Yes","No","0.113672","-0.207563"
"Row 4267","1","Yes","No","0.127258","-0.939312"
"Row 4273","1","Yes","No","0.143402","-0.458062"
"Row 4285","1","Yes","No","0.119688","-0.919250"
"Row 4286","1","Yes","No","0.137445","-0.364563"
"Row 4290","1","Yes","No","0.196281","-0.912687"
"Row 4294","1","Yes","No","0.123693","-0.511125"
"Row 4299","1","Yes","No","0.186580","-1.319500"
"Row 4302","1","Yes","No","0.214275","-0.726562"
"Row 4312","5","No","Yes","0.384441","-4.484000"
"Row 4313","5","No","Yes","0.378078","-5.047500"
"Row 4320","1","Yes","No","0.088018","-0.839125"
"Row 4321","5","No","Yes","0.258252","-4.705063"
"Row 4326","1","Yes","No","0.180049","-0.660875"
"Row 4335","1","Yes","No","0.086688","-0.530750"
"Row 4338","1","Yes","No","0.170121","-0.979437"
"Row 4339","5","No","Yes","0.299336","-5.272188"
"Row 4340","5","No","Yes","0.287832","-5.126250"
"Row 4343","5","No","Yes","0.244992","-4.573000"
"Row 4344","1","Yes","No","0.076008","-0.794375"
"Row 4349","1","Yes","No","0.110252","-0.245875"
"Row 4358","5","No","Yes","0.430646","-5.984938"
"Row 4367","5","No","Yes","0.309100","-4.583750"
"Row 4368","1","Yes","No","0.211066","-1.430438"
"Row 4374","5","No","Yes","0.290623","-5.064063"
"Row 4380","5","No","Yes","0.328217","-6.190750"
"Row 4381","5","No","Yes","0.398666","-5.468063"
"Row 4402","1","Yes","No","0.123066","-0.373312"
"Row 4406","1","Yes","No","0.231025","-0.313250"
"Row 4414","1","Yes","No","0.155992","-0.976125"
"Row 4420","5","No","Yes","0.292035","-4.907188"
"Row 4425","5","No","Yes","0.211236","-4.287500"
"Row 4434","5","No","Yes","0.244984","-4.217875"
"Row 4440","5","No","Yes","0.456631","-6.110062"
"Row 4448","5","No","Yes","0.240316","-4.144875"
"Row 4457","1","Yes","No","0.180053","-0.597688"
"Row 4467","1","Yes","No","0.236303","-1.046437"
"Row 4469","1","Yes","No","0.205242","-0.721313"
"Row 4472","5","No","Yes","0.349436","-4.504500"
"Row 4476","1","Yes","No","0.140830","-0.521000"
"Row 4483","5","No","Yes","0.250453","-5.030375"
"Row 4487","1","Yes","No","0.102666","-0.303063"
"Row 4495","1","Yes","No","0.120066","-0.259062"
"Row 4502","5","No","Yes","0.366217","-5.542688"
"Row 4508","1","Yes","No","0.162953","-0.648000"
"Row 4509","1","Yes","No","0.169650","-0.768625"
"Row 4516","5","No","Yes","0.277588","-5.384313"
"Row 4525","1","Yes","No","0.177279","-0.761000"
"Row 4529","5","No","Yes","0.281467","-3.895250"
"Row 4550","5","No","Yes","0.246230","-4.563000"
"Row 4551","5","No","Yes","0.252219","-5.318812"
"Row 4563","5","No","Yes","0.186717","-3.862437"
"Row 4571","1","Yes","No","0.109205","-0.515938"
"Row 4576","5","No","Yes","0.220057","-4.013250"
"Row 4594","5","No","Yes","0.309695","-4.823563"
"Row 4606","1","Yes","No","0.162799","-1.331438"
"Row 4610","1","Yes","No","0.132428","-0.587313"
"Row 4620","5","No","Yes","0.251352","-5.249937"
"Row 4625","1","Yes","No","0.108473","-0.729437"
"Row 4626","5","No","Yes","0.273268","-5.426500"
"Row 4627","5","No","Yes","0.258562","-5.045687"
"Row 4638","1","Yes","No","0.159729","-0.617563"
"Row 4641","5","No","Yes","0.302859","-5.697563"
"Row 4643","1","Yes","No","0.100010","-0.540250"
"Row 4651","1","Yes","No","0.112428","-0.650312"
"Row 4657","5","No","Yes","0.217945","-3.825375"
"Row 4673","5","No","Yes","0.303461","-5.141500"
"Row 4678","1","Yes","No","0.168717","-1.078250"
"Row 4687","1","Yes","No","0.145506","-0.499437"
"Row 4690","5","No","Yes","0.285645","-4.801812"
"Row 4692","1","Yes","No","0.144229","-0.453125"
"Row 4710","1","Yes","No","0.099580","-0.465313"
"Row 4714","1","Yes","No","0.130854","-0.681625"
"Row 4720","5","No","Yes","0.301162","-5.281750"
"Row 4721","5","No","Yes","0.383773","-6.212438"
"Row 4724","5","No","Yes","0.338316","-5.011375"
"Row 4728","5","No","Yes","0.159643","-4.055000"
"Row 4734","5","No","Yes","0.218223","-3.490438"
"Row 4739","1","Yes","No","0.094498","-0.500500"
"Row 4745","1","Yes","No","0.076215","-0.819500"
"Row 4747","1","Yes","No","0.179111","-0.888938"
"Row 4770","5","No","Yes","0.399414","-5.231875"
"Row 4771","5","No","Yes","0.367596","-5.890562"
"Row 4772","1","Yes","No","0.180629","-0.571438"
"Row 4789","1","Yes","No","0.110154","-0.431563"
"Row 4797","1","Yes","No","0.102055","-0.461250"
"Row 4799","1","Yes","No","0.088184","-0.511250"
"Row 4803","5","No","Yes","0.219586","-4.200250"
"Row 4818","1","Yes","No","0.092719","-0.509750"
"Row 4819","1","Yes","No","0.138449","-0.564438"
"Row 4829","5","No","Yes","0.293658","-4.881000"
"Row 4834","1","Yes","No","0.122031","-0.363250"
"Row 4839","1","Yes","No","0.184918","-1.406000"
"Row 4846","5","No","Yes","0.247797","-4.318812"
"Row 4847","5","No","Yes","0.285945","-5.589062"
"Row 4854","1","Yes","No","0.152795","-0.351375"
"Row 4857","1","Yes","No","0.179744","-0.610938"
"Row 4863","5","No","Yes","0.395539","-4.077875"
"Row 4866","5","No","Yes","0.329211","-5.073563"
"Row 4867","5","No","Yes","0.237768","-4.420438"
"Row 4869","5","No","Yes","0.237768","-4.651438"
"Row 4872","1","Yes","No","0.129775","-0.774438"
"Row 4874","5","No","Yes","0.285635","-5.014062"
"Row 4875","1","Yes","No","0.109539","-0.209313"
"Row 4882","5","No","Yes","0.181619","-3.980125"
"Row 4887","5","No","Yes","0.347594","-5.324312"
"Row 4904","1","Yes","No","0.289055","-3.669375"
"Row 4909","1","Yes","No","0.129967","-0.661438"
"Row 4913","5","No","Yes","0.219992","-4.370687"
"Row 4917","5","No","Yes","0.302359","-4.514062"
"Row 4921","5","No","Yes","0.369375","-4.548063"
"Row 4937","5","No","Yes","0.254195","-4.543437"
"Row 4939","1","Yes","No","0.120973","-1.238250"
"Row 4940","5","No","Yes","0.273188","-5.014437"
"Row 4941","5","No","Yes","0.294234","-5.510375"
"Row 4948","1","Yes","No","0.164070","-0.990938"
"Row 4949","1","Yes","No","0.198227","-0.455937"
"Row 4953","1","Yes","No","0.112479","-0.707750"
"Row 4959","1","Yes","No","0.111463","-0.525625"
"Row 4976","1","Yes","No","0.162592","-0.771188"
"Row 4982","5","No","Yes","0.263225","-5.488313"
"Row 4983","1","Yes","No","0.126211","-0.262688"
"Row 4986","1","Yes","No","0.110131","-0.261437"
"Row 4988","5","No","Yes","0.283838","-4.035500"
"Row 4989","5","No","Yes","0.352080","-4.682500"
"Row 4997","1","Yes","No","0.090832","-0.413625"
"Row 5001","1","Yes","No","0.155473","-1.146250"
"Row 5007","1","Yes","No","0.155920","-0.804063"
"Row 5010","1","Yes","No","0.092617","-0.485250"
"Row 5011","1","Yes","No","0.103750","-0.303438"
"Row 5012","1","Yes","No","0.076641","-0.559000"
"Row 5014","5","No","Yes","0.306145","-5.248563"
"Row 5015","5","No","Yes","0.303645","-5.527188"
"Row 5017","1","Yes","No","0.114482","-0.395875"
"Row 5019","1","Yes","No","0.146426","-1.627563"
"Row 5025","5","No","Yes","0.159373","-3.338687"
"Row 5041","5","No","Yes","0.164008","-3.708375"
"Row 5042","5","No","Yes","0.142365","-2.833500"
"Row 5043","1","Yes","No","0.082850","-0.514250"
"Row 5044","1","Yes","No","0.097117","-0.276313"
"Row 5045","1","Yes","No","0.088918","-0.410750"
"Row 5046","1","Yes","No","0.137449","-0.503313"
"Row 5048","1","Yes","No","0.169090","-1.015813"
"Row 5052","5","No","Yes","0.309723","-5.466812"
"Row 5065","5","No","Yes","0.273350","-5.794000"
"Row 5066","5","No","Yes","0.226049","-4.733125"
"Row 5070","1","Yes","No","0.223670","-1.713625"
"Row 5072","1","Yes","No","0.179254","-0.304312"
"Row 5077","1","Yes","No","0.164883","-0.801438"
"Row 5078","1","Yes","No","0.160416","-1.442562"
"Row 5081","5","No","Yes","0.263633","-4.334688"
"Row 5085","1","Yes","No","0.157115","-0.374937"
"Row 5100","1","Yes","No","0.108500","-1.054000"
"Row 5102","5","No","Yes","0.346064","-6.244125"
"Row 5103","5","No","Yes","0.272182","-4.525188"
"Row 5107","5","No","Yes","0.221816","-4.162562"
"Row 5111","1","Yes","No","0.096857","-0.671000"
"Row 5121","1","Yes","No","0.164531","-1.205563"
"Row 5123","1","Yes","No","0.220766","-0.853750"
"Row 5126","5","No","Yes","0.214439","-4.128563"
"Row 5127","1","Yes","No","0.133678","-0.467938"
"Row 5130","1","Yes","No","0.168363","-0.983187"
"Row 5136","1","Yes","No","0.136658","-0.891437"
"Row 5138","1","Yes","No","0.113367","-0.547625"
"Row 5144","1","Yes","No","0.116258","-1.134125"
"Row 5162","5","No","Yes","0.235596","-4.287875"
"Row 5163","5","No","Yes","0.312576","-5.332438"
"Row 5169","1","Yes","No","0.207057","-0.990000"
"Row 5180","1","Yes","No","0.231391","-0.624062"
"Row 5182","5","No","Yes","0.447271","-5.663062"
"Row 5186","1","Yes","No","0.115699","-0.368563"
"Row 5190","5","No","Yes","0.269043","-4.744187"
"Row 5200","1","Yes","No","0.132547","-0.712250"
"Row 5204","5","No","Yes","0.365988","-5.270187"
"Row 5207","5","No","Yes","0.312291","-6.014812"
"Row 5208","5","No","Yes","0.447305","-5.969375"
"Row 5212","5","No","Yes","0.164996","-2.900500"
"Row 5213","5","No","Yes","0.179320","-2.390125"
"Row 5215","1","Yes","No","0.082672","-0.686187"
"Row 5218","1","Yes","No","0.189219","-0.769625"
"Row 5223","5","No","Yes","0.413303","-6.158188"
"Row 5224","5","No","Yes","0.190664","-3.795937"
"Row 5225","5","No","Yes","0.227061","-4.651562"
"Row 5226","1","Yes","No","0.114770","-0.881313"
"Row 5232","1","Yes","No","0.250852","-0.661687"
"Row 5236","5","No","Yes","0.256508","-4.108625"
"Row 5238","5","No","Yes","0.371201","-5.631312"
"Row 5239","1","Yes","No","0.086098","-1.103500"
"Row 5258","5","No","Yes","0.278455","-4.615000"
"Row 5259","5","No","Yes","0.323576","-5.043375"
"Row 5274","1","Yes","No","0.117906","-0.303625"
"Row 5278","1","Yes","No","0.162156","-0.852437"
"Row 5280","1","Yes","No","0.149656","-0.372812"
"Row 5286","1","Yes","No","0.121672","-0.364500"
"Row 5293","1","Yes","No","0.257863","-0.944125"
"Row 5303","1","Yes","No","0.106133","-0.241750"
"Row 5307","5","No","Yes","0.211939","-3.886500"
"Row 5311","5","No","Yes","0.204893","-4.570812"
"Row 5317","1","Yes","No","0.111797","-0.370812"
"Row 5325","5","No","Yes","0.371152","-5.088312"
"Row 5326","1","Yes","No","0.197031","-1.210687"
"Row 5329","1","Yes","No","0.110307","-0.309563"
"Row 5332","1","Yes","No","0.094186","-0.507812"
"Row 5336","5","No","Yes","0.376641","-5.605688"
"Row 5340","1","Yes","No","0.172828","-0.844375"
"Row 5347","5","No","Yes","0.282191","-4.966625"
"Row 5349","1","Yes","No","0.140600","-0.430375"
"Row 5350","1","Yes","No","0.130758","-0.411938"
"Row 5354","1","Yes","No","0.188236","-0.584125"
"Row 5359","1","Yes","No","0.170617","-0.851250"
"Row 5360","1","Yes","No","0.179686","-0.651750"
"Row 5364","1","Yes","No","0.196539","-0.488812"
"Row 5369","1","Yes","No","0.124949","-0.401187"
"Row 5370","1","Yes","No","0.116539","-0.919750"
"Row 5375","5","No","Yes","0.251559","-4.918375"
"Row 5377","5","No","Yes","0.254156","-5.349750"
"Row 5382","5","No","Yes","0.309188","-5.107000"
"Row 5385","1","Yes","No","0.128186","-1.076688"
"Row 5393","5","No","Yes","0.180006","-2.755125"
"Row 5400","1","Yes","No","0.163455","-1.432313"
"Row 5401","1","Yes","No","0.151473","-0.878625"
"Row 5407","1","Yes","No","0.169266","-0.444000"
"Row 5408","5","No","Yes","0.365605","-5.119625"
"Row 5413","5","No","Yes","0.380484","-5.484625"
"Row 5419","1","Yes","No","0.153400","-0.869062"
"Row 5424","1","Yes","No","0.120404","-0.270000"
"Row 5432","5","No","Yes","0.314400","-5.468438"
"Row 5433","5","No","Yes","0.291191","-3.174313"
"Row 5436","1","Yes","No","0.188525","-0.725063"
"Row 5441","1","Yes","No","0.140184","-0.780500"
"Row 5443","1","Yes","No","0.115008","-0.240563"
"Row 5445","5","No","Yes","0.319148","-4.286437"
"Row 5447","1","Yes","No","0.158221","-0.766250"
"Row 5455","1","Yes","No","0.120508","-0.482187"
"Row 5460","1","Yes","No","0.186164","-0.329750"
"Row 5461","1","Yes","No","0.175273","-0.679500"
"Row 5463","1","Yes","No","0.107918","-0.749875"
"Row 5465","1","Yes","No","0.099896","-0.499875"
"Row 5469","1","Yes","No","0.174545","-1.047813"
"Row 5474","1","Yes","No","0.140490","-0.439437"
"Row 5481","1","Yes","No","0.112785","-1.221000"
"Row 5484","1","Yes","No","0.102939","-0.392188"
"Row 5485","1","Yes","No","0.091979","-0.471438"
"Row 5486","1","Yes","No","0.120504","-0.563813"
"Row 5488","1","Yes","No","0.106885","-0.239125"
"Row 5490","1","Yes","No","0.242195","-1.262750"
"Row 5493","1","Yes","No","0.240219","-0.729187"
"Row 5495","1","Yes","No","0.098893","-0.695812"
"Row 5498","1","Yes","No","0.115400","-0.835625"
"Row 5500","1","Yes","No","0.146313","-0.552937"
"Row 5504","1","Yes","No","0.094371","-0.669875"
"Row 5505","1","Yes","No","0.101293","-0.394500"
"Row 5509","1","Yes","No","0.121535","-0.538125"
"Row 5514","1","Yes","No","0.166000","-1.251750"
"Row 5519","1","Yes","No","0.138971","-0.458562"
"Row 5523","1","Yes","No","0.123260","-0.465438"
"Row 5526","1","Yes","No","0.132039","-0.352438"
"Row 5528","1","Yes","No","0.101691","-0.286687"
"Row 5533","1","Yes","No","0.096521","-0.790063"
"Row 5537","1","Yes","No","0.101447","-0.361938"
"Row 5538","1","Yes","No","0.074299","-1.033187"
"Row 5543","1","Yes","No","0.192268","-0.545250"
"Row 5551","1","Yes","No","0.120516","-0.619313"
"Row 5554","1","Yes","No","0.152020","-0.587562"
"Row 5556","1","Yes","No","0.144791","-0.779937"
"Row 5559","1","Yes","No","0.138178","-0.519250"
"Row 5561","1","Yes","No","0.111482","-0.464750"
"Row 5564","1","Yes","No","0.126926","-0.517687"
"Row 5566","1","Yes","No","0.122029","-0.507250"
"Row 5569","1","Yes","No","0.129934","-0.263125"
"Row 5571","1","Yes","No","0.073650","-1.004813"
"Row 5574","1","Yes","No","0.097088","-0.621687"
"Row 5577","1","Yes","No","0.089023","-0.503313"
"Row 5594","5","No","Yes","0.277484","-4.232625"
"Row 5599","5","No","Yes","0.226732","-4.512187"
"Row 5604","5","No","Yes","0.134328","-2.488000"
"Row 5610","1","Yes","No","0.207125","-0.729938"
"Row 5616","1","Yes","No","0.139732","-0.744188"
"Row 5620","1","Yes","No","0.175301","-0.911438"
"Row 5625","1","Yes","No","0.110898","-0.203563"
"Row 5656","1","Yes","No","0.214805","-0.868812"
"Row 5661","1","Yes","No","0.134996","-0.769813"
"Row 5665","1","Yes","No","0.132221","-0.179000"
"Row 5667","1","Yes","No","0.113242","-0.802375"
"Row 5670","1","Yes","No","0.166941","-0.925813"
"Row 5682","5","No","Yes","0.293016","-5.014000"
"Row 5687","1","Yes","No","0.122643","-1.255875"
"Row 5699","1","Yes","No","0.118504","-0.650625"
"Row 5701","5","No","Yes","0.346139","-4.878000"
"Row 5703","1","Yes","No","0.119330","-1.317000"
"Row 5706","5","No","Yes","0.304826","-3.037937"
"Row 5710","5","No","Yes","0.325924","-4.158000"
"Row 5721","5","No","Yes","0.273248","-4.746437"
"Row 5728","5","No","Yes","0.260391","-4.573875"
"Row 5730","5","No","Yes","0.237523","-3.914500"
"Row 5733","1","Yes","No","0.154508","-0.469438"
"Row 5744","1","Yes","No","0.156029","-0.551438"
"Row 5749","1","Yes","No","0.302916","-0.991625"
"Row 5750","1","Yes","No","0.315541","-1.501187"
"Row 5754","5","No","Yes","0.286375","-4.498375"
"Row 5756","5","No","Yes","0.173430","-3.435313"
"Row 5764","1","Yes","No","0.164244","-1.067375"
"Row 5765","1","Yes","No","0.141643","-1.277438"
"Row 5768","1","Yes","No","0.130127","-0.678188"
"Row 5771","1","Yes","No","0.094574","-0.393375"
"Row 5772","1","Yes","No","0.103838","-1.330188"
"Row 5774","1","Yes","No","0.097498","-1.346875"
"Row 5775","1","Yes","No","0.103555","-1.358375"
"Row 5790","5","No","Yes","0.266004","-5.952250"
"Row 5795","5","No","Yes","0.206504","-3.925687"
"Row 5799","1","Yes","No","0.101686","-0.243312"
"Row 5813","1","Yes","No","0.102145","-0.336938"
"Row 5814","1","Yes","No","0.096842","-0.350813"
"Row 5818","1","Yes","No","0.124799","-0.643312"
"Row 5829","1","Yes","No","0.197217","-0.725313"
"Row 5831","5","No","Yes","0.405453","-6.227437"
"Row 5834","1","Yes","No","0.161602","-0.482125"
"Row 5836","5","No","Yes","0.325818","-5.152188"
"Row 5846","1","Yes","No","0.139506","-0.953063"
"Row 5850","1","Yes","No","0.257488","-0.909062"
"Row 5852","1","Yes","No","0.213172","-0.331813"
"Row 5856","1","Yes","No","0.140393","-0.504750"
"Row 5863","5","No","Yes","0.236129","-4.332250"
"Row 5869","5","No","Yes","0.455957","-5.719625"
"Row 5870","1","Yes","No","0.153748","-1.035875"
"Row 5871","5","No","Yes","0.330375","-4.987438"
"Row 5873","5","No","Yes","0.401193","-7.326688"
"Row 5877","5","No","Yes","0.207891","-3.137188"
"Row 5882","1","Yes","No","0.216438","-0.528438"
"Row 5883","1","Yes","No","0.181207","-0.546937"
"Row 5886","1","Yes","No","0.156301","-1.555375"
"Row 5890","5","No","Yes","0.195141","-3.755813"
"Row 5895","5","No","Yes","0.219055","-3.870812"
"Row 5900","5","No","Yes","0.416176","-5.483250"
"Row 5905","1","Yes","No","0.163945","-1.220625"
"Row 5909","1","Yes","No","0.132393","-0.793188"
"Row 5914","1","Yes","No","0.208203","-0.500437"
"Row 5917","1","Yes","No","0.166637","-1.207188"
"Row 5919","1","Yes","No","0.199074","-0.995500"
"Row 5924","5","No","Yes","0.301209","-4.526063"
"Row 5927","5","No","Yes","0.356311","-5.519000"
"Row 5932","5","No","Yes","0.307957","-6.183187"
"Row 5934","5","No","Yes","0.274666","-6.465438"
"Row 5937","5","No","Yes","0.325936","-5.206812"
"Row 5940","1","Yes","No","0.243221","-0.856313"
"Row 5944","1","Yes","No","0.106041","-0.318063"
"Row 5945","1","Yes","No","0.099924","-0.431500"
"Row 5948","1","Yes","No","0.118039","-0.451562"
"Row 5950","5","No","Yes","0.239477","-3.920313"
"Row 5953","1","Yes","No","0.113461","-0.996938"
"Row 5954","1","Yes","No","0.134795","-1.789813"
"Row 5955","1","Yes","No","0.087551","-0.706500"
"Row 5961","5","No","Yes","0.356287","-6.539625"
"Row 5963","1","Yes","No","0.185004","-0.453625"
"Row 5966","5","No","Yes","0.247586","-5.063187"
"Row 5971","5","No","Yes","0.199937","-3.966625"
"Row 5973","5","No","Yes","0.216715","-4.167750"
"Row 5976","5","No","Yes","0.505469","-2.978125"
"Row 5979","5","No","Yes","0.345443","-5.784688"
"Row 5980","5","No","Yes","0.341076","-5.240250"
"Row 5981","1","Yes","No","0.169873","-0.810937"
"Row 5984","5","No","Yes","0.263592","-5.003813"
"Row 5985","5","No","Yes","0.264293","-4.297438"
"Row 5989","5","No","Yes","0.348178","-5.007625"
"Row 5996","5","No","Yes","0.154773","-3.190562"
"Row 5997","5","No","Yes","0.207988","-4.590312"
"Row 6000","5","No","Yes","0.202971","-4.552812"
"Row 6001","5","No","Yes","0.162215","-3.839437"
"Row 6002","5","No","Yes","0.167379","-4.012875"
"Row 6003","5","No","Yes","0.265445","-4.936937"
"Row 6004","5","No","Yes","0.225326","-3.893438"
"Row 6006","1","Yes","No","0.186650","-1.145625"
"Row 6007","5","No","Yes","0.278393","-5.068500"
"Row 6008","5","No","Yes","0.393713","-5.356500"
"Row 6009","5","No","Yes","0.400342","-4.818688"
"Row 6011","1","Yes","No","0.218826","-0.899188"
"Row 6013","1","Yes","No","0.189902","-1.227375"
"Row 6022","1","Yes","No","0.131311","-0.839625"
"Row 6031","1","Yes","No","0.126516","-0.575875"
"Row 6036","1","Yes","No","0.174092","-0.651687"
"Row 6051","1","Yes","No","0.157166","-1.198625"
"Row 6053","1","Yes","No","0.135348","-0.567312"
"Row 6055","5","No","Yes","0.402891","-5.060812"
"Row 6060","5","No","Yes","0.181932","-4.020500"
"Row 6079","1","Yes","No","0.153930","-0.833688"
"Row 6088","5","No","Yes","0.299219","-5.048063"
"Row 6110","1","Yes","No","0.177490","-1.329187"
"Row 6112","1","Yes","No","0.192268","-0.769750"
"Row 6117","1","Yes","No","0.120949","-0.860062"
"Row 6132","1","Yes","No","0.175162","-0.640875"
"Row 6136","1","Yes","No","0.099725","-0.323875"
"Row 6141","1","Yes","No","0.134918","-0.665188"
"Row 6142","1","Yes","No","0.154365","-0.958688"
"Row 6146","1","Yes","No","0.126395","-1.292250"
"Row 6151","1","Yes","No","0.205594","-0.657125"
"Row 6152","1","Yes","No","0.208225","-0.753812"
"Row 6159","5","No","Yes","0.249373","-5.069750"
"Row 6160","5","No","Yes","0.213672","-5.067625"
"Row 6161","1","Yes","No","0.110645","-0.701125"
"Row 6163","5","No","Yes","0.300687","-3.833188"
"Row 6167","5","No","Yes","0.316457","-4.639312"
"Row 6169","1","Yes","No","0.213312","-0.990375"
"Row 6174","5","No","Yes","0.211340","-4.653000"
"Row 6179","5","No","Yes","0.260281","-5.374500"
"Row 6182","5","No","Yes","0.362809","-5.724312"
"Row 6195","5","No","Yes","0.293113","-4.341437"
"Row 6203","5","No","Yes","0.222143","-4.200750"
"Row 6210","1","Yes","No","0.115568","-0.677562"
"Row 6216","1","Yes","No","0.117643","-0.402625"
"Row 6222","1","Yes","No","0.123283","-0.801562"
"Row 6228","5","No","Yes","0.276537","-4.945062"
"Row 6230","5","No","Yes","0.274363","-4.999875"
"Row 6232","1","Yes","No","0.180518","-0.445688"
"Row 6234","1","Yes","No","0.138820","-0.411375"
"Row 6235","1","Yes","No","0.095436","-0.358500"
"Row 6240","1","Yes","No","0.179836","-1.146625"
"Row 6241","1","Yes","No","0.100818","-0.357938"
"Row 6243","5","No","Yes","0.211488","-4.678250"
"Row 6245","5","No","Yes","0.257002","-5.448500"
"Row 6268","1","Yes","No","0.192301","-1.654062"
"Row 6272","1","Yes","No","0.150787","-0.769062"
"Row 6273","5","No","Yes","0.317109","-4.362063"
"Row 6278","1","Yes","No","0.107484","-0.903687"
"Row 6281","5","No","Yes","0.231467","-4.435062"
"Row 6283","1","Yes","No","0.149730","-0.452375"
"Row 6288","1","Yes","No","0.270301","-1.670187"
"Row 6291","5","No","Yes","0.222395","-4.231375"
"Row 6297","1","Yes","No","0.136650","-0.720750"
"Row 6298","5","No","Yes","0.238988","-4.715500"
"Row 6299","5","No","Yes","0.364787","-5.807938"
"Row 6304","5","No","Yes","0.298756","-5.569500"
"Row 6309","5","No","Yes","0.417924","-5.672813"
"Row 6326","5","No","Yes","0.286338","-6.145812"
"Row 6329","5","No","Yes","0.187645","-4.048125"
"Row 6332","5","No","Yes","0.258131","-3.672125"
"Row 6335","1","Yes","No","0.105529","-0.610375"
"Row 6340","5","No","Yes","0.319975","-4.764437"
"Row 6342","1","Yes","No","0.121227","-1.351938"
"Row 6349","1","Yes","No","0.104924","-0.918438"
"Row 6353","1","Yes","No","0.143404","-0.881938"
"Row 6355","5","No","Yes","0.317992","-3.949000"
"Row 6356","1","Yes","No","0.134496","-0.810813"
"Row 6364","1","Yes","No","0.080568","-0.575125"
"Row 6368","1","Yes","No","0.092002","-0.715875"
"Row 6370","1","Yes","No","0.138680","-0.859000"
"Row 6372","1","Yes","No","0.182490","-1.704875"
"Row 6373","1","Yes","No","0.144287","-0.579375"
"Row 6374","5","No","Yes","0.248049","-4.575563"
"Row 6377","1","Yes","No","0.140783","-1.135250"
"Row 6378","1","Yes","No","0.152717","-1.021187"
"Row 6379","5","No","Yes","0.225998","-4.295625"
"Row 6382","5","No","Yes","0.264451","-6.168188"
"Row 6385","5","No","Yes","0.200908","-3.641875"
"Row 6389","1","Yes","No","0.117342","-0.513500"
"Row 6401","1","Yes","No","0.126037","-0.642625"
"Row 6402","1","Yes","No","0.104164","-1.484687"
"Row 6405","1","Yes","No","0.147109","-0.227250"
"Row 6412","1","Yes","No","0.127199","-0.907188"
"Row 6415","5","No","Yes","0.152658","-3.229563"
"Row 6421","1","Yes","No","0.193664","-0.476500"
"Row 6422","1","Yes","No","0.161207","-0.412125"
"Row 6423","1","Yes","No","0.146170","-0.371688"
"Row 6425","5","No","Yes","0.280000","-4.688438"
"Row 6429","1","Yes","No","0.127744","-1.200562"
"Row 6433","1","Yes","No","0.205232","-0.360000"
"Row 6438","1","Yes","No","0.162348","-0.581000"
"Row 6442","1","Yes","No","0.166588","-0.426438"
"Row 6447","1","Yes","No","0.112531","-0.847000"
"Row 6448","1","Yes","No","0.119598","-0.602812"
"Row 6449","5","No","Yes","0.287299","-5.168375"
"Row 6452","1","Yes","No","0.200469","-2.500500"
"Row 6453","5","No","Yes","0.247900","-4.943313"
"Row 6456","1","Yes","No","0.171898","-0.508312"
"Row 6478","1","Yes","No","0.130271","-1.221750"
"Row 6483","1","Yes","No","0.090445","-1.302500"
"Row 6486","1","Yes","No","0.230381","-0.734625"
"Row 6491","1","Yes","No","0.243475","-0.585438"
"Row 6492","1","Yes","No","0.222217","-0.869938"
"Row 6496","1","Yes","No","0.153445","-0.935937"
"Row 6498","5","No","Yes","0.240752","-4.778562"
"Row 6499","5","No","Yes","0.331586","-4.553312"
"Row 6504","5","No","Yes","0.257191","-3.743625"
"Row 6510","1","Yes","No","0.127213","-1.030188"
"Row 6515","1","Yes","No","0.140486","-0.548125"
"Row 6521","1","Yes","No","0.142041","-0.929937"
"Row 6527","5","No","Yes","0.214090","-4.092437"
"Row 6535","5","No","Yes","0.342904","-4.523625"
"Row 6542","5","No","Yes","0.402637","-5.253188"
"Row 6543","5","No","Yes","0.205395","-4.332937"
"Row 6549","5","No","Yes","0.333982","-4.921625"
"Row 6551","1","Yes","No","0.143311","-0.568063"
"Row 6558","5","No","Yes","0.313041","-5.107625"
"Row 6564","5","No","Yes","0.271840","-5.110062"
"Row 6575","1","Yes","No","0.127596","-0.474438"
"Row 6578","1","Yes","No","0.114125","-0.343938"
"Row 6582","1","Yes","No","0.123154","-0.295812"
"Row 6583","1","Yes","No","0.124041","-1.078000"
"Row 6588","1","Yes","No","0.274328","-1.215000"
"Row 6593","1","Yes","No","0.094205","-0.482187"
"Row 6598","1","Yes","No","0.137926","-0.669875"
"Row 6603","1","Yes","No","0.175598","-1.279625"
"Row 6608","1","Yes","No","0.159543","-0.509563"
"Row 6609","1","Yes","No","0.162387","-0.719063"
"Row 6611","5","No","Yes","0.310080","-5.411625"
"Row 6612","5","No","Yes","0.362701","-5.643375"
"Row 6618","5","No","Yes","0.264461","-4.773000"
"Row 6620","5","No","Yes","0.255971","-4.602625"
"Row 6623","1","Yes","No","0.099090","-0.584313"
"Row 6628","5","No","Yes","0.383990","-4.735000"
"Row 6633","5","No","Yes","0.313164","-5.430125"
"Row 6635","5","No","Yes","0.311854","-4.982437"
"Row 6646","5","No","Yes","0.311242","-6.107312"
"Row 6653","1","Yes","No","0.133014","-0.365000"
"Row 6654","1","Yes","No","0.149887","-0.694813"
"Row 6658","1","Yes","No","0.124965","-0.490625"
"Row 6663","5","No","Yes","0.293625","-4.611625"
"Row 6675","1","Yes","No","0.172900","-0.608812"
"Row 6677","5","No","Yes","0.327279","-5.032813"
"Row 6678","1","Yes","No","0.175801","-1.073937"
"Row 6687","5","No","Yes","0.304359","-6.946250"
"Row 6690","5","No","Yes","0.286254","-5.183375"
"Row 6694","1","Yes","No","0.185527","-0.451625"
"Row 6695","1","Yes","No","0.170611","-0.680187"
"Row 6699","1","Yes","No","0.122424","-0.682625"
"Row 6700","1","Yes","No","0.140895","-0.615750"
"Row 6704","1","Yes","No","0.226107","-1.341312"
"Row 6705","1","Yes","No","0.175729","-0.451750"
"Row 6706","5","No","Yes","0.306193","-5.593375"
"Row 6708","5","No","Yes","0.234500","-5.068062"
"Row 6711","5","No","Yes","0.184238","-4.029937"
"Row 6713","5","No","Yes","0.372973","-4.159813"
"Row 6718","5","No","Yes","0.361990","-5.078938"
"Row 6722","5","No","Yes","0.372756","-7.081375"
"Row 6723","5","No","Yes","0.353543","-7.085187"
"Row 6725","1","Yes","No","0.182607","-0.348375"
"Row 6726","1","Yes","No","0.138014","-0.549687"
"Row 6727","5","No","Yes","0.358957","-6.632125"
"Row 6735","1","Yes","No","0.116389","-0.381812"
"Row 6738","1","Yes","No","0.170063","-0.400938"
"Row 6739","1","Yes","No","0.277756","-1.431750"
"Row 6745","1","Yes","No","0.114189","-0.964063"
"Row 6747","5","No","Yes","0.419172","-5.483375"
"Row 6758","1","Yes","No","0.153113","-1.080500"
"Row 6761","5","No","Yes","0.068049","-0.315000"
"Row 6765","1","Yes","No","0.156416","-0.943500"
"Row 6766","5","No","Yes","0.315824","-4.763312"
"Row 6767","5","No","Yes","0.194633","-4.043000"
"Row 6788","1","Yes","No","0.158572","-0.693250"
"Row 6796","1","Yes","No","0.093871","-0.283250"
"Row 6797","1","Yes","No","0.089752","-0.562625"
"Row 6806","1","Yes","No","0.110332","-0.336313"
"Row 6811","1","Yes","No","0.163010","-0.521750"
"Row 6814","1","Yes","No","0.169869","-0.613688"
"Row 6819","1","Yes","No","0.195916","-0.486625"
"Row 6824","1","Yes","No","0.127199","-1.695062"
"Row 6831","1","Yes","No","0.093729","-0.868750"
"Row 6835","1","Yes","No","0.115396","-0.379000"
"Row 6836","1","Yes","No","0.118252","-0.527125"
"Row 6837","5","No","Yes","0.413734","-5.745875"
"Row 6838","5","No","Yes","0.395127","-4.909063"
"Row 6842","5","No","Yes","0.417090","-7.111438"
"Row 6846","5","No","Yes","0.359160","-4.701812"
"Row 6847","5","No","Yes","0.320871","-5.274625"
"Row 6853","1","Yes","No","0.182492","-0.910438"
"Row 6855","1","Yes","No","0.177506","-0.623000"
"Row 6858","1","Yes","No","0.126734","-0.627125"
"Row 6860","1","Yes","No","0.108125","-0.338375"
"Row 6863","1","Yes","No","0.156350","-0.458625"
"Row 6865","1","Yes","No","0.158193","-0.981875"
"Row 6866","1","Yes","No","0.191166","-1.706625"
"Row 6868","1","Yes","No","0.146813","-0.956875"
"Row 6871","1","Yes","No","0.203770","-0.638687"
"Row 6874","5","No","Yes","0.368377","-6.257500"
"Row 6877","1","Yes","No","0.131912","-0.392625"
"Row 6878","5","No","Yes","0.362762","-4.927313"
"Row 6896","1","Yes","No","0.154129","-0.297000"
"Row 6899","1","Yes","No","0.109127","-1.035375"
"Row 6900","1","Yes","No","0.105816","-0.549937"
"Row 6902","5","No","Yes","0.406859","-5.104938"
"Row 6904","1","Yes","No","0.214859","-0.885625"
"Row 6907","5","No","Yes","0.289480","-5.208500"
"Row 6911","1","Yes","No","0.125221","-0.515250"
"Row 6912","5","No","Yes","0.357322","-6.646813"
"Row 6914","5","No","Yes","0.370346","-6.107938"
"Row 6916","1","Yes","No","0.186949","-1.429250"
"Row 6917","5","No","Yes","0.253391","-4.637125"
"Row 6930","1","Yes","No","0.204363","-0.445625"
"Row 6933","1","Yes","No","0.105125","-0.761312"
"Row 6938","5","No","Yes","0.195916","-3.318313"
"Row 6946","1","Yes","No","0.136830","-0.832937"
"Row 6952","1","Yes","No","0.124490","-0.435688"
"Row 6956","1","Yes","No","0.104949","-0.716063"
"Row 6957","1","Yes","No","0.105143","-0.224000"
"Row 6964","1","Yes","No","0.351572","-1.658937"
"Row 6968","1","Yes","No","0.142191","-0.450813"
"Row 6969","1","Yes","No","0.144721","-0.649188"
"Row 6973","1","Yes","No","0.173336","-1.293813"
"Row 6978","1","Yes","No","0.129879","-0.588625"
"Row 6985","1","Yes","No","0.124479","-0.469500"
"Row 6995","5","No","Yes","0.322787","-6.053187"
"Row 6998","5","No","Yes","0.268105","-6.101125"
"Row 7000","1","Yes","No","0.166953","-0.542250"
"Row 7007","1","Yes","No","0.104582","-0.340250"
"Row 7019","5","No","Yes","0.365244","-5.671188"
"Row 7024","5","No","Yes","0.214648","-5.014437"
"Row 7029","1","Yes","No","0.133508","-0.791375"
"Row 7034","1","Yes","No","0.130170","-0.243812"
"Row 7037","1","Yes","No","0.120684","-0.450250"
"Row 7052","1","Yes","No","0.115730","-0.824438"
"Row 7053","1","Yes","No","0.105850","-0.267062"
"Row 7055","1","Yes","No","0.136855","-1.001688"
"Row 7057","5","No","Yes","0.284586","-6.063813"
"Row 7070","5","No","Yes","0.259242","-5.243500"
"Row 7077","5","No","Yes","0.265910","-3.618625"
"Row 7079","1","Yes","No","0.173080","-1.109312"
"Row 7090","5","No","Yes","0.236121","-4.897312"
"Row 7091","5","No","Yes","0.243758","-4.020937"
"Row 7100","5","No","Yes","0.320162","-4.016563"
"Row 7108","1","Yes","No","0.139033","-0.339813"
"Row 7120","1","Yes","No","0.140475","-0.329875"
"Row 7128","1","Yes","No","0.149158","-0.273562"
"Row 7130","1","Yes","No","0.119020","-0.527750"
"Row 7136","5","No","Yes","0.353691","-4.686375"
"Row 7138","1","Yes","No","0.154551","-0.787188"
"Row 7141","5","No","Yes","0.276965","-4.276688"
"Row 7143","5","No","Yes","0.277240","-3.912125"
"Row 7147","5","No","Yes","0.279283","-4.560250"
"Row 7149","1","Yes","No","0.133740","-0.637750"
"Row 7152","1","Yes","No","0.202346","-0.782375"
"Row 7154","1","Yes","No","0.168676","-0.666813"
"Row 7157","1","Yes","No","0.135203","-0.518125"
"Row 7160","5","No","Yes","0.286033","-5.704813"
"Row 7162","1","Yes","No","0.140959","-0.400125"
"Row 7165","5","No","Yes","0.484537","-3.700375"
"Row 7169","5","No","Yes","0.315486","-4.149500"
"Row 7171","1","Yes","No","0.158262","-0.267000"
"Row 7172","1","Yes","No","0.165342","-0.540188"
"Row 7183","1","Yes","No","0.104898","-0.335250"
"Row 7185","5","No","Yes","0.268072","-5.360938"
"Row 7186","5","No","Yes","0.229424","-3.425187"
"Row 7190","1","Yes","No","0.100102","-0.370063"
"Row 7195","5","No","Yes","0.205727","-4.238500"
"Row 7198","5","No","Yes","0.244436","-3.539813"
"Row 7212","1","Yes","No","0.140582","-0.764375"
"Row 7213","1","Yes","No","0.098832","-0.556750"
"Row 7216","1","Yes","No","0.267406","-0.866250"
"Row 7221","1","Yes","No","0.120516","-0.269062"
"Row 7226","1","Yes","No","0.152191","-0.600000"
"Row 7231","1","Yes","No","0.223668","-1.376313"
"Row 7236","1","Yes","No","0.187119","-2.313500"
"Row 7237","5","No","Yes","0.292650","-4.442625"
"Row 7241","1","Yes","No","0.163424","-1.017125"
"Row 7242","5","No","Yes","0.255961","-4.934375"
"Row 7247","5","No","Yes","0.272961","-5.079125"
"Row 7262","5","No","Yes","0.199475","-4.211938"
"Row 7267","5","No","Yes","0.367961","-5.660000"
"Row 7270","5","No","Yes","0.355293","-4.682750"
"Row 7272","5","No","Yes","0.232881","-4.423813"
"Row 7285","1","Yes","No","0.195104","-1.217937"
"Row 7286","1","Yes","No","0.168846","-0.582250"
"Row 7291","1","Yes","No","0.276221","-0.916250"
